"","V1","V2","V3","V4","V5","V6","V7","V8","V9","V10","V11","V12","V13","V14","V15","V16","V17","V18","V19","V20","V21","V22","V23","V24","V25","V26","V27","V28","V29","V30","V31","V32","V33","V34","V35","V36","V37","V38","V39","V40","V41","V42","V43","V44","V45","V46","V47","V48","V49","V50","V51","V52","V53","V54","V55","V56","V57","V58","V59","V60","V61","V62","V63","V64","V65","V66","V67","V68","V69","V70","V71","V72","V73","V74","V75","V76","V77","V78","V79","V80","V81","V82","V83","V84","V85","V86","V87","V88","V89","V90","V91","V92","V93","V94","V95","V96","V97","V98","V99","V100"
"Archi",-0.226633764497633,0.0101362081214177,-0.156530458545249,-0.156530458545249,-0.226633764497633,-0.0864271525928648,-0.156530458545249,-0.226633764497633,-0.156530458545249,-0.130070403783351,-0.236531071317221,-0.130070403783351,-0.156530458545249,-0.156530458545249,-0.156530458545249,-0.226633764497633,-0.226633764497633,-0.0599670978309664,-0.130070403783351,-0.0163238466404806,-0.0864271525928648,-0.156530458545249,-0.226633764497633,-0.130070403783351,-0.156530458545249,-0.156530458545249,-0.0864271525928648,-0.226633764497633,-0.296737070450017,-0.226633764497633,-0.226633764497633,-0.156530458545249,-0.156530458545249,-0.226633764497633,-0.226633764497633,-0.226633764497633,0.0365962628833161,-0.156530458545249,-0.296737070450017,-0.0933946949013222,-0.156530458545249,-0.0599670978309664,-0.0599670978309664,-0.226633764497633,-0.296737070450017,-0.226633764497633,-0.156530458545249,-0.156530458545249,-0.156530458545249,-0.156530458545249,-0.226633764497633,-0.296737070450017,-0.226633764497633,-0.226633764497633,-0.130070403783351,-0.156530458545249,-0.156530458545249,-0.226633764497633,-0.156530458545249,-0.296737070450017,-0.226633764497633,-0.226633764497633,-0.226633764497633,-0.226633764497633,-0.0864271525928648,-0.130070403783351,-0.226633764497633,-0.226633764497633,0.0101362081214177,-0.226633764497633,-0.156530458545249,-0.226633764497633,-0.296737070450017,-0.226633764497633,-0.0163238466404806,-0.156530458545249,-0.296737070450017,-0.156530458545249,-0.156530458545249,-0.296737070450017,-0.226633764497633,-0.130070403783351,-0.0864271525928648,-0.176325072184425,-0.226633764497633,-0.0599670978309664,-0.176325072184425,-0.0599670978309664,-0.226633764497633,-0.0864271525928648,-0.226633764497633,-0.226633764497633,-0.156530458545249,-0.156530458545249,-0.130070403783351,-0.226633764497633,-0.156530458545249,-0.226633764497633,-0.130070403783351,-0.226633764497633
"Bezhta",-0.288345299292396,-0.0780353814352437,0.0126846963715851,-0.2281393001596,-0.167933301026804,-0.218241993340012,-0.148138687387628,-0.183230816994982,-0.167933301026804,-0.148138687387628,-0.218241993340012,-0.2281393001596,-0.167933301026804,-0.0582789324518935,-0.0850029237437011,-0.288345299292396,-0.148138687387628,-0.00793207548285946,-0.167933301026804,-0.148138687387628,-0.0475213027612112,-0.148873826466831,-0.107727301894007,-0.288345299292396,-0.218241993340012,-0.218241993340012,-0.288345299292396,-0.288345299292396,-0.183230816994982,-0.218241993340012,-0.288345299292396,-0.0515753266733453,-0.183230816994982,-0.177816772117961,-0.107727301894007,-0.130673575846276,-0.218241993340012,-0.288345299292396,-0.00793207548285946,-0.1108361736006,-0.183230816994982,-0.288345299292396,-0.148138687387628,-0.1108361736006,-0.148138687387628,-0.130673575846276,-0.102383335524976,-0.148138687387628,-0.148138687387628,-0.148138687387628,-0.218241993340012,-0.167933301026804,-0.183230816994982,0.00814519164945893,-0.148138687387628,-0.106352634615207,-0.218241993340012,0.0449880340409372,-0.148873826466831,-0.167933301026804,-0.2281393001596,0.0756400300619827,-0.218241993340012,-0.167933301026804,-0.167933301026804,-0.288345299292396,-0.218241993340012,-0.2281393001596,-0.167933301026804,-0.218241993340012,-0.121678632625729,-0.288345299292396,-0.218241993340012,-0.0582789324518935,-0.0475213027612111,-0.0582789324518935,-0.288345299292396,-0.218241993340012,-0.0780353814352437,-0.0780353814352437,-0.167933301026804,-0.131326281176106,-0.2281393001596,-0.167933301026804,-0.148873826466831,-0.163393414749307,-0.218241993340012,-0.183230816994982,-0.2281393001596,-0.0558928445831213,-0.107727301894007,-0.288345299292396,0.0126846963715851,-0.107727301894007,-0.121678632625729,-0.2281393001596,-0.167933301026804,-0.2281393001596,-0.148138687387628,-0.288345299292396
"Ceq Wong",0.0244293122485961,0.0177257064700479,0.0512077143110365,-0.0348315346786588,0.120992672962879,0.0702829476187549,-0.0919286621048623,0.234739230105749,-0.0546689369243343,0.078685044397428,-0.0721340484656864,-0.0721340484656864,-0.0348315346786588,0.138175869391466,0.111413713443833,-0.0317226629720659,0.0945326182009802,0.0886893352935265,-0.0919286621048623,-0.142237354418071,-0.00203074251330226,0.0512077143110365,-0.142237354418071,-0.00211169577562731,-0.00899828482175968,0.0739320924613428,0.0886893352935265,0.0512077143110365,0.0244293122485961,-0.0317226629720659,-0.00203074251330226,-0.0721340484656864,0.0886893352935265,-0.212340660370455,0.0512077143110365,-0.0317226629720659,0.0244293122485961,-0.00203074251330226,0.134138091594139,0.122840188767462,-0.142237354418071,-0.152134661237658,-0.0317226629720659,-0.045673993703788,0.0512077143110365,-0.0721340484656864,-0.0721340484656864,-0.0919286621048623,-0.0721340484656864,-0.00899828482175968,-0.0692042839545559,-0.0919286621048623,-0.142237354418071,-0.142237354418071,0.0244293122485961,-0.045673993703788,0.104018773228899,0.0886893352935265,-0.0919286621048623,-0.0721340484656864,0.0512077143110365,0.0512077143110365,0.068072563439082,-0.00203074251330226,-0.045673993703788,-0.0721340484656864,-0.00203074251330226,-0.0317226629720659,-0.0721340484656864,-0.0721340484656864,-0.0348315346786588,-0.00899828482175968,-0.00203074251330226,0.0512077143110365,-0.0721340484656864,0.0945326182009802,-0.00203074251330226,-0.0721340484656864,-0.00899828482175968,-0.00899828482175968,-0.0721340484656864,0.0512077143110365,-0.142237354418071,-0.142237354418071,-0.0546689369243343,-0.00899828482175968,0.0244293122485961,0.0244293122485961,-0.0721340484656864,0.145301917810634,0.120992672962879,-0.0721340484656864,-0.152134661237658,-0.00899828482175968,-0.142237354418071,-0.0919286621048623,0.0886893352935265,-0.142237354418071,-0.00203074251330226,-0.045673993703788
"Dutch",-0.165492098801001,-0.0953887928486166,-0.115183406487792,-0.235595404753385,-0.0953887928486166,-0.235595404753385,-0.165492098801001,-0.115183406487792,-0.130480922455971,0.00117456786566594,-0.115183406487792,0.00117456786566594,-0.175389405620588,-0.175389405620588,-0.175389405620588,-0.0320858956952399,-0.115183406487792,-0.165492098801001,-0.115183406487792,0.0654345909105963,-0.115183406487792,-0.0779236813072645,-0.0689287380867182,-0.058086279061589,-0.175389405620588,-0.115183406487792,-0.165492098801001,0.00117456786566594,-0.165492098801001,-0.165492098801001,-0.058086279061589,0.114921125008536,-0.0779236813072645,-0.165492098801001,-0.175389405620588,0.00117456786566594,-0.0953887928486166,0.00117456786566594,-0.0924590283374861,-0.058086279061589,-0.0924590283374861,-0.130480922455971,-0.235595404753385,-0.0322530292046899,-0.0953887928486166,-0.115183406487792,-0.0953887928486166,0.00117456786566594,-0.115183406487792,0.0712778738180501,-0.130480922455971,0.00117456786566594,-0.0953887928486166,-0.0953887928486166,-0.0779236813072645,-0.115183406487792,-0.175389405620588,-0.0953887928486166,-0.0953887928486166,-0.235595404753385,-0.09612393192782,0.0654345909105963,-0.165492098801001,0.00117456786566594,-0.235595404753385,-0.115183406487792,-0.115183406487792,-0.165492098801001,0.00117456786566594,-0.165492098801001,-0.0779236813072645,-0.0953887928486166,-0.0953887928486166,-0.00552903791288228,-0.0953887928486166,0.0654345909105963,-0.0953887928486166,-0.0953887928486166,-0.0322530292046899,-0.0322530292046899,0.0052285917778,-0.0953887928486166,-0.0320858956952399,-0.165492098801001,-0.0953887928486166,0.00117456786566594,-0.115183406487792,0.0319521405373402,-0.165492098801001,-0.175389405620588,-0.0252854868962324,-0.110870102710007,-0.0320858956952399,-0.165492098801001,0.0279529699281064,-0.0322530292046899,-0.0953887928486166,-0.0953887928486166,-0.165492098801001,-0.235595404753385
"English",0.00651063886072045,-0.0900527218535621,-0.160156027805946,-0.109847335492738,-0.0900527218535621,-0.160156027805946,-0.125144851460917,-0.109847335492738,0.00219312095094448,-0.0900527218535621,0.00651063886072045,-0.0900527218535621,0.12025719600359,-0.170053334625534,-0.109847335492738,-0.0496413363599416,-0.23025933375833,-0.0527502080665345,-0.0725876103122099,-0.23025933375833,-0.0199494159011779,-0.0199494159011779,-0.0199494159011779,0.0332890409231609,-0.160156027805946,-0.0496413363599416,-0.109847335492738,0.00651063886072045,-0.109847335492738,0.0196444353278475,-0.160156027805946,-0.0900527218535621,0.032526871985204,-0.0269169582096354,-0.23025933375833,-0.109847335492738,-0.160156027805946,0.032526871985204,-0.23025933375833,-0.160156027805946,-0.170053334625534,0.0332890409231609,-0.109847335492738,-0.0635926670916637,-0.0527502080665345,-0.0199494159011779,-0.160156027805946,-0.0900527218535621,-0.0496413363599416,-0.160156027805946,-0.0496413363599416,-0.109847335492738,-0.0900527218535621,0.0501538900512063,-0.0496413363599416,-0.0725876103122099,-0.0269169582096354,-0.0496413363599416,-0.170053334625534,-0.0496413363599416,0.0332890409231609,-0.0900527218535621,-0.0900527218535621,0.0707706619056508,0.0707706619056508,0.00651063886072045,-0.0900527218535621,-0.109847335492738,-0.0199494159011779,-0.0725876103122099,-0.109847335492738,-0.0635926670916637,-0.0496413363599416,-0.160156027805946,0.00651063886072045,-0.23025933375833,-0.109847335492738,-0.0900527218535621,-0.125144851460917,-0.183768842816476,-0.0900527218535621,-0.0269169582096354,-0.0496413363599416,-0.160156027805946,0.0332890409231609,0.0501538900512063,0.0105646627728546,0.0105646627728546,-0.109847335492738,-0.109847335492738,-0.0900527218535621,-0.0269169582096354,-0.109847335492738,-0.160156027805946,-0.160156027805946,0.0332890409231609,-0.109847335492738,-0.0496413363599416,-0.0900527218535621,-0.0900527218535621
"Gawwada",-0.0395533701907701,0.0741931869520999,-0.136116730905053,-0.109656676143154,-0.206220036857437,-0.136116730905053,0.0741931869520999,-0.0395533701907701,0.107637030137263,0.030549935761614,-0.136116730905053,-0.136116730905053,0.297280412945159,-0.136116730905053,0.00408988099971574,-0.0395533701907701,0.0741931869520999,-0.0660134249526685,-0.206220036857437,-0.0395533701907701,-0.136116730905053,-0.276323342809821,0.030549935761614,-0.155911344544229,-0.155911344544229,-0.136116730905053,-0.136116730905053,-0.136116730905053,-0.136116730905053,-0.109656676143154,-0.206220036857437,-0.136116730905053,0.0741931869520999,-0.136116730905053,0.030549935761614,-0.109656676143154,-0.136116730905053,-0.0395533701907701,-0.136116730905053,-0.0395533701907701,-0.109656676143154,-0.136116730905053,-0.155911344544229,-0.136116730905053,-0.206220036857437,-0.206220036857437,-0.109656676143154,0.00408988099971574,-0.0395533701907701,-0.0127749681283297,-0.136116730905053,-0.0127749681283297,-0.136116730905053,0.00408988099971574,-0.206220036857437,0.0570099905235124,-0.206220036857437,0.030549935761614,-0.0660134249526685,-0.0660134249526685,-0.0395533701907701,-0.0395533701907701,-0.0660134249526685,-0.136116730905053,-0.109656676143154,-0.0395533701907701,0.200717052230876,-0.133186966393922,-0.206220036857437,-0.109656676143154,-0.206220036857437,-0.0395533701907701,-0.206220036857437,-0.136116730905053,-0.0395533701907701,-0.0660134249526685,-0.206220036857437,-0.0660134249526685,-0.206220036857437,-0.136116730905053,0.00994941002197658,-0.0395533701907701,-0.206220036857437,-0.0395533701907701,0.127113296475897,0.200717052230876,-0.206220036857437,-0.136116730905053,-0.0957053454114322,-0.035499346278636,-0.136116730905053,-0.0395533701907701,0.030549935761614,0.0570099905235124,-0.136116730905053,0.0731616593581885,-0.136116730905053,-0.136116730905053,-0.0957053454114322,-0.136116730905053
"Gurindji",-0.176313904336907,0.10409931947263,-0.0567078181717762,-0.106210598384523,-0.106210598384523,-0.106210598384523,-0.106210598384523,0.00753595875834712,-0.139638195454879,-0.162362573605185,-0.202773959098805,-0.0276371241113325,-0.0361072924321387,-0.202773959098805,-0.139638195454879,-0.0361072924321387,-0.0794321963220824,0.200662680186912,-0.139638195454879,-0.132670653146421,-0.112914204163071,-0.27287726505119,-0.0567078181717762,-0.0361072924321387,0.230623184751406,-0.162362573605185,-0.0794321963220824,-0.062567347194037,-0.0361072924321387,-0.132670653146421,0.00753595875834712,-0.162362573605185,0.00753595875834712,-0.0361072924321387,-0.132670653146421,-0.176313904336907,-0.0361072924321387,-0.132670653146421,-0.106210598384523,-0.0361072924321387,-0.202773959098805,-0.062567347194037,-0.132670653146421,-0.202773959098805,-0.0361072924321387,-0.0361072924321387,-0.202773959098805,-0.132670653146421,0.204163129989508,-0.106210598384523,-0.27287726505119,-0.0567078181717762,0.0182554237932038,-0.132670653146421,0.0639565180847395,-0.202773959098805,-0.162362573605185,-0.202773959098805,0.00753595875834712,0.00753595875834712,-0.202773959098805,-0.176313904336907,-0.202773959098805,-0.0419505753395925,-0.062567347194037,0.00753595875834712,-0.102156574472389,-0.106210598384523,-0.202773959098805,0.0776392647107313,0.200662680186912,-0.202773959098805,-0.062567347194037,-0.00964723767024034,-0.0361072924321387,-0.176313904336907,-0.132670653146421,-0.132670653146421,-0.106210598384523,-0.106210598384523,-0.132670653146421,-0.106210598384523,-0.106210598384523,-0.106210598384523,-0.202773959098805,-0.106210598384523,0.00753595875834712,-0.202773959098805,-0.162362573605185,-0.106210598384523,-0.132670653146421,-0.132670653146421,-0.106210598384523,-0.106210598384523,-0.0361072924321387,-0.139638195454879,-0.202773959098805,0.00753595875834712,-0.0361072924321387,-0.0361072924321387
"Imbabura Quechua",-0.158974737342216,-0.325641404008883,-0.2290780432946,-0.2290780432946,-0.158974737342216,-0.325641404008883,-0.11533148615173,-0.325641404008883,-0.158974737342216,0.00769192932445084,-0.158974737342216,-0.0452281801993458,-0.325641404008883,-0.0452281801993458,-0.2290780432946,-0.325641404008883,-0.185434792104114,-0.2290780432946,-0.255538098056498,-0.275332711695674,-0.395744709961267,-0.325641404008883,-0.2290780432946,-0.2290780432946,-0.185434792104114,-0.395744709961267,-0.325641404008883,-0.158974737342216,-0.255538098056498,-0.325641404008883,-0.0888714313898317,-0.325641404008883,-0.325641404008883,-0.325641404008883,-0.255538098056498,-0.158974737342216,-0.0452281801993458,-0.255538098056498,-0.2290780432946,-0.395744709961267,-0.325641404008883,-0.2290780432946,-0.325641404008883,-0.185434792104114,-0.158974737342216,-0.11533148615173,-0.185434792104114,-0.2290780432946,-0.158974737342216,-0.325641404008883,-0.325641404008883,-0.0452281801993458,-0.255538098056498,-0.325641404008883,-0.325641404008883,-0.255538098056498,-0.325641404008883,-0.255538098056498,-0.158974737342216,-0.0888714313898317,-0.255538098056498,-0.255538098056498,-0.255538098056498,-0.255538098056498,-0.0888714313898317,-0.325641404008883,-0.158974737342216,-0.255538098056498,-0.395744709961267,-0.325641404008883,-0.185434792104114,-0.395744709961267,-0.255538098056498,-0.325641404008883,-0.2290780432946,-0.255538098056498,-0.158974737342216,-0.325641404008883,-0.255538098056498,-0.255538098056498,-0.255538098056498,-0.2290780432946,-0.395744709961267,-0.255538098056498,-0.0888714313898317,-0.325641404008883,-0.255538098056498,-0.11533148615173,0.0111923791270465,-0.255538098056498,-0.0888714313898317,-0.158974737342216,-0.275332711695674,-0.255538098056498,-0.0888714313898317,-0.0888714313898317,-0.255538098056498,-0.255538098056498,-0.2290780432946,-0.185434792104114
"Indonesian",-0.158088524430492,-0.105531283281785,-0.1823555252579,0.0523023466889853,-0.228846016199755,-0.145113085322949,-0.263203006727906,-0.243592186981942,-0.187699491626931,-0.118447720575229,-0.18632482434813,-0.184797504884951,-0.18632482434813,-0.0253365071416098,-0.0772917842574371,-0.247905490759727,-0.164975113476625,-0.0915057503132246,-0.152386270934664,-0.0983331168113089,-0.166548474609566,-0.247905490759727,0.124890822020101,-0.190808363333524,-0.127493492494135,-0.190808363333524,-0.190808363333524,0.041215350670385,-0.170632562395445,-0.100769943734595,-0.18632482434813,-0.105466925271242,-0.129057461714319,-0.0501217393909404,-0.263203006727906,-0.1823555252579,-0.36831748902532,-0.105667953988126,-0.135865034316045,-0.263203006727906,-0.0754700024032779,-0.157227254582711,-0.164807979967175,-0.104769114343829,-0.27533650714161,-0.0854064025460002,-0.164975113476625,0.0108178626385929,-0.0672874933613385,-0.129057461714319,-0.0861110670950568,-0.21129847090903,-0.137788467309817,-0.263203006727906,-0.166840571986781,-0.218232040432638,-0.228846016199755,-0.263203006727906,-0.227899925029256,-0.137772371804016,-0.129027112461395,-0.163551069177467,-0.163551069177467,-0.180710678284467,-0.190808363333524,-0.100769943734595,-0.0615995223047521,-0.21129847090903,-0.228110877120551,-0.138251122184817,-0.129423332536159,-0.0915057503132246,-0.18632482434813,-0.18632482434813,-0.0517109051076154,-0.114864908786493,-0.0200244216236259,-0.279112561054077,-0.243592186981942,-0.18632482434813,-0.118866884938563,-0.138251122184817,-0.164807979967175,-0.18632482434813,-0.243592186981942,-0.18632482434813,-0.210645765579199,-0.166548474609566,-0.21206748902532,-0.0915057503132246,-0.227899925029256,-0.138251122184817,-0.065454885001091,-0.197678805818776,-0.184797504884951,-0.315760247876613,-0.263203006727906,-0.118866884938563,-0.0931668566122447,-0.18632482434813
"Iraqw",-0.248157422278335,-0.274617477040233,-0.424721395764589,-0.484927394897386,-0.364515396631793,-0.344720782992617,-0.344720782992617,-0.281585019348691,-0.341791018481487,-0.344720782992617,-0.304309397498997,-0.183897399233404,-0.414824088945002,-0.344720782992617,-0.344720782992617,-0.281585019348691,-0.424721395764589,-0.344720782992617,-0.484927394897386,-0.344720782992617,-0.123691400100608,-0.281585019348691,-0.221379020215894,-0.364515396631793,-0.414824088945002,-0.344720782992617,-0.341791018481487,-0.281417885839241,-0.204514171087849,-0.344720782992617,-0.364515396631793,-0.244103398366201,-0.364515396631793,-0.30741826920559,-0.178054116325951,-0.274617477040233,-0.281585019348691,-0.221379020215894,-0.414824088945002,-0.318260728230719,-0.254861028056883,-0.414824088945002,-0.221379020215894,-0.414824088945002,-0.344720782992617,-0.327255671451265,-0.344720782992617,-0.344720782992617,-0.0779903058090725,-0.274617477040233,-0.318260728230719,-0.414824088945002,-0.484927394897386,-0.274617477040233,-0.221379020215894,-0.0779903058090725,-0.414824088945002,-0.248157422278335,-0.248157422278335,-0.364515396631793,-0.304309397498997,-0.248157422278335,-0.484927394897386,-0.414824088945002,-0.304309397498997,-0.414824088945002,-0.274617477040233,-0.281585019348691,-0.138448642932792,-0.344720782992617,-0.414824088945002,-0.484927394897386,-0.318260728230719,-0.414824088945002,-0.344720782992617,-0.248157422278335,-0.414824088945002,-0.364515396631793,-0.204514171087849,-0.414824088945002,-0.414824088945002,-0.344720782992617,-0.327255671451265,-0.414824088945002,-0.274617477040233,-0.414824088945002,-0.318260728230719,-0.414824088945002,-0.281585019348691,-0.344720782992617,-0.414824088945002,-0.484927394897386,-0.414824088945002,-0.281585019348691,-0.248157422278335,-0.414824088945002,-0.304309397498997,-0.248157422278335,-0.178054116325951,-0.424721395764589
"Japanese",0.0403244358500813,-0.163017939698614,-0.0830173269266417,-0.0426059414330212,-0.0412312741542206,0.101262248329036,-0.0830173269266417,-0.0800875624155112,-0.163017939698614,-0.0830173269266417,-0.163017939698614,-0.102811940565818,-0.0426059414330212,-0.00216688448253977,-0.0129140209742575,0.00684242800909263,0.123254813133184,-0.0426059414330212,0.138012055965367,-0.019881563282715,0.0135460337876409,-0.0372619750639902,0.157173531000524,-0.019881563282715,0.017600057699775,-0.102811940565818,-0.0457148131396141,0.017600057699775,-0.153120632879026,0.02677606116859,-0.0837524660058451,-0.0426059414330212,-0.153120632879026,0.073266552110445,-0.0565572721647433,-0.019881563282715,-0.153120632879026,0.0176000576997749,-0.153120632879026,-0.0129140209742575,0.0176000576997749,0.164514151455213,-0.0800875624155112,-0.153120632879026,-0.0457148131396141,-0.170666697682703,0.0778060568325712,-0.0830173269266417,-0.0457148131396141,-0.0655522153852895,-0.0662049207151199,0.00684242800909263,-0.1302429569477,-0.098272054288321,-0.0372619750639902,-0.0129949742365825,0.180212700454307,0.0576111891607167,0.111956910306507,-0.153120632879026,0.0403244358500813,0.102209497761575,-0.163017939698614,-0.0662049207151199,-0.019714429773265,-0.163017939698614,-0.102811940565818,-0.0830173269266417,-0.163017939698614,-0.163017939698614,-0.0830173269266417,0.0135460337876409,-0.019881563282715,-0.0830173269266417,-0.153120632879026,0.0176000576997749,0.00684242800909263,-0.153120632879026,0.0403244358500813,0.00684242800909263,0.197233990358245,-0.102811940565818,0.0135460337876409,-0.0129140209742575,0.00684242800909263,0.0135460337876409,-0.102811940565818,-0.0129140209742575,-0.0662049207151199,-0.019881563282715,0.0262266652553467,0.123254813133184,-0.019714429773265,-0.019881563282715,0.00684242800909263,-0.0830173269266417,0.0135460337876409,-0.0655522153852895,-0.0565572721647433,0.000343826526905566
"Kali'na",-0.000184216828663653,-0.147358371041889,-0.210494134685816,0.010535248206193,-0.210494134685816,-0.2805974406382,-0.0871523719090932,-0.0831532012998594,-0.0438274680191495,-0.140390828733432,-0.170082749192196,-0.113930773971534,0.0793364749848862,-0.147358371041889,-0.184034079923918,-0.0438274680191495,-0.2805974406382,-0.147358371041889,-0.210494134685816,-0.184034079923918,-0.0438274680191495,-0.210494134685816,0.0697571825990706,-0.173191620898789,-0.290494747457788,-0.147358371041889,-0.193029023144464,-0.210494134685816,-0.210494134685816,-0.1098767500594,-0.100700746590584,-0.210494134685816,-0.210494134685816,-0.210494134685816,-0.000184216828663653,-0.0155198974526679,-0.145934326742732,-0.113930773971534,-0.210494134685816,-0.2805974406382,-0.0159300672646504,-0.170082749192196,-0.210494134685816,-0.184034079923918,-0.350700746590584,-0.0860439882337731,-0.0438274680191495,-0.109876750059399,-0.140390828733432,-0.113930773971534,-0.113930773971534,-0.230288748324992,-0.184034079923918,-0.350700746590584,-0.0644279937587869,-0.147358371041889,-0.1098767500594,-0.0363676457303187,-0.0871523719090932,-0.0496707509266032,-0.210494134685816,-0.147191237532439,-0.0155198974526679,-0.140390828733432,-0.00533972682255712,-0.245586264293171,-0.147358371041889,0.0707412473389892,-0.210494134685816,-0.2805974406382,-0.108360512147976,-0.173191620898789,-0.113930773971534,-0.142825243184954,-0.0879145408470501,-0.0717578009394546,0.0934656254892955,-0.2805974406382,-0.147358371041889,-0.210494134685816,-0.193681728474294,-0.230288748324992,-0.0269463727762971,-0.113930773971534,-0.170082749192196,-0.210494134685816,-0.210494134685816,0.0963791438856189,-0.0871523719090932,-0.147191237532439,-0.0438274680191495,-0.140390828733432,-0.184034079923918,-0.113930773971534,-0.0702875227810478,-0.140471781995757,-0.214189800025349,-0.210494134685816,-0.0871523719090932,0.0245128748911206
"Kanuri",-0.137772197453246,0.0747481045835791,0.149767074775458,-0.00436599434748552,0.108483930193723,-0.0502037799595101,-0.0412088367389638,0.0849719832164113,-0.0502037799595101,0.0288944692134203,0.0420282656805474,0.156109825948748,0.078397249426167,0.107467943486611,0.141609498762379,-0.0647391269897317,0.153360491391147,-0.00436599434748552,0.14264102635629,0.1323029457075,-0.102761021108217,-0.0272575060072417,-0.0303663777138347,-0.0874635051400381,0.078397249426167,0.0549107023379038,0.0288944692134203,0.212744332308675,0.443899123737146,-0.0219135396382107,0.0313845239053699,0.245634005652515,0.115878870408657,-0.0676688915008622,0.22216171816984,0.0931544922583507,0.0556728712758607,0.0549107023379038,-0.0874635051400381,0.0831502013622522,0.0474506210682408,0.0931544922583507,-0.0101905767757561,0.0415751006811261,0.199699989126668,0.0556728712758607,0.14264102635629,0.0221908634348721,-0.11489452152192,0,0.0549107023379038,0.149767074775458,0.14264102635629,0.0989977751658044,0.00243441445152193,0,0.201815497895175,-0.020268692664778,-0.0647391269897317,0.199699989126668,-0.0874635051400381,0.00243441445152193,0.269164891635067,-0.0676688915008622,-0.00453312785693549,-0.102761021108217,0.0226535183098722,-0.0272575060072417,0.0596720418850946,0.0710674422454993,-0.0272575060072417,0.0931544922583507,0.0549107023379038,0.14264102635629,-0.0258828387284411,0.0314148731582942,0.199699989126668,-0.0874635051400381,0.0989977751658044,-0.00436599434748552,-0.0219135396382107,-0.00436599434748552,-0.0676688915008622,0.248928076605088,-0.0219135396382107,-0.0303663777138347,-0.0502037799595101,0.0596720418850946,-0.0502037799595101,-0.0676688915008622,0.00243441445152193,0.00243441445152193,-0.0303663777138347,0.176084869541453,-0.0502037799595101,-0.0412088367389638,0.00243441445152193,0.078397249426167,-0.0647391269897317,-0.0415751006811261
"Ket",-0.309677431938925,-0.23957412598654,-0.292212320397573,-0.329472045578101,-0.213114071224642,-0.309677431938925,-0.309677431938925,-0.309677431938925,-0.292212320397573,-0.309677431938925,-0.143010765272258,-0.389678044710897,-0.329472045578101,-0.246541668294998,-0.143010765272258,-0.379780737891309,-0.269266046445304,-0.0993675140817721,-0.186335669162202,-0.23957412598654,-0.186335669162202,-0.199980274757515,-0.449884043843693,-0.329472045578101,-0.379780737891309,-0.213114071224642,-0.143010765272258,-0.23957412598654,-0.167260435854483,-0.309677431938925,-0.246541668294998,-0.246541668294998,-0.209060047312508,-0.23957412598654,-0.23957412598654,-0.309677431938925,-0.309677431938925,-0.329472045578101,-0.186335669162202,-0.379780737891309,-0.292212320397573,-0.309677431938925,-0.292212320397573,-0.309677431938925,-0.379780737891309,-0.143010765272258,-0.148854048179712,-0.309677431938925,-0.143010765272258,-0.379780737891309,-0.213114071224642,-0.186335669162202,-0.21981767700319,-0.389678044710897,-0.213114071224642,-0.329472045578101,-0.213114071224642,-0.379780737891309,-0.199884043843693,-0.379780737891309,-0.329472045578101,-0.186335669162202,-0.0993675140817721,-0.23957412598654,-0.143010765272258,-0.213114071224642,-0.272374918151897,-0.213114071224642,-0.213114071224642,-0.309677431938925,-0.269266046445304,-0.23957412598654,-0.309677431938925,-0.269266046445304,-0.309677431938925,-0.186335669162202,-0.283217377177026,-0.379780737891309,-0.143010765272258,-0.169470820034156,-0.21981767700319,-0.389678044710897,-0.169470820034156,-0.199980274757515,-0.283217377177026,-0.269266046445304,-0.309677431938925,-0.309677431938925,-0.213114071224642,-0.169470820034156,-0.213114071224642,-0.283217377177026,-0.148854048179712,-0.186335669162202,-0.23957412598654,0.0102486898373125,-0.309677431938925,-0.246541668294998,-0.143010765272258,-0.186335669162202
"Kildin Saami",-0.143476349269233,-0.183887734762854,-0.120751971118927,-0.183887734762854,-0.0832703501364372,-0.166422623221502,-0.0414707386784127,-0.120751971118927,0.0264221830942986,-0.183887734762854,-0.0613081409240879,-0.143476349269233,0.0092389866657111,0.0264221830942986,-0.0414707386784127,-0.0740943466676223,-0.263888347534826,-0.11378442881047,-0.253991040715238,-0.143476349269233,-0.183887734762854,0.0828427424206909,-0.0172210680961873,-0.11378442881047,-0.0873243740485714,-0.253991040715238,-0.0414707386784127,-0.0436811228580856,-0.253991040715238,-0.11378442881047,-0.0436811228580856,-0.143476349269233,-0.183887734762854,-0.183887734762854,-0.253991040715238,-0.183887734762854,-0.183887734762854,-0.0873243740485714,-0.11378442881047,-0.183887734762854,-0.0832703501364372,-0.324094346667622,0.0092389866657111,-0.0832703501364374,-0.113865382072795,-0.0940279798271196,-0.180957970251723,-0.143476349269233,-0.263888347534826,-0.263888347534826,-0.120751971118927,-0.166422623221502,-0.183887734762854,0.0223844052969715,-0.324094346667622,-0.263888347534826,-0.060545971986131,-0.0873243740485714,-0.120751971118927,-0.023064351003641,-0.183887734762854,-0.183887734762854,-0.20368234840203,-0.120751971118927,-0.120584837609477,-0.0873243740485714,-0.20368234840203,-0.157427680000956,-0.0172210680961873,-0.183887734762854,-0.11378442881047,0.142796403562564,-0.11378442881047,-0.183887734762854,-0.183887734762854,-0.0873243740485714,-0.0832703501364372,-0.0172210680961873,-0.120584837609477,-0.180957970251723,-0.157427680000956,-0.11378442881047,-0.0873243740485714,-0.166422623221502,-0.183887734762854,-0.0172210680961873,0.122985543808581,-0.183887734762854,-0.218979864370209,-0.183887734762854,-0.11378442881047,-0.120751971118927,-0.0172210680961873,-0.0873243740485714,-0.183887734762854,-0.0172210680961873,-0.20368234840203,-0.0414707386784127,-0.183887734762854,-0.183887734762854
"Lower Sorbian",-0.010306909120383,-0.213649284669078,0.0932239939023569,0.0932239939023569,-0.0559775612229576,0.0231206879499728,-0.00333936681192559,0.0271747118621068,-0.0330312872706893,-0.0932372864034856,-0.153443285536282,-0.0361401589772822,-0.0330312872706893,0.0271747118621068,-0.0330312872706893,-0.088697400125989,0.0271747118621068,-0.0734426727643097,0.053898260621647,0.196041716631728,-0.00342032007425064,-0.0734426727643097,-0.108534802371664,-0.0932372864034856,-0.161092043520371,0.0188031700401969,-0.153443285536282,-0.0734426727643097,0.0689743233201315,0.0671858433230487,-0.161092043520371,-0.0361401589772822,-0.0559775612229576,0.0498990900124132,-0.0734426727643097,-0.0330312872706893,-0.0559775612229576,0.0231206879499728,0.0930686820514897,0.0726234681627195,-0.0330312872706893,0.0271747118621068,-0.00333936681192559,0.0164170821714246,-0.00342032007425064,-0.0734426727643097,-0.0734426727643097,-0.00333936681192559,-0.153443285536282,-0.0734426727643097,-0.0932372864034856,0.150336044685301,-0.0932372864034856,0.0231206879499728,-0.161092043520371,-0.0932372864034856,-0.153443285536282,-0.0705129082531792,-0.0932372864034856,-0.108534802371664,0.0362544844170999,0.206970551045227,0.0498990900124132,0.136867245092843,-0.108534802371664,0.0932239939023569,-0.0361401589772822,0.102710148930276,-0.108534802371664,-0.010306909120383,-0.0734426727643097,0.0231206879499728,0.053898260621647,0.0164170821714246,0.0932239939023569,0.0689743233201315,-0.0734426727643097,-0.0734426727643097,-0.0932372864034856,-0.00333936681192559,0.0231206879499728,-0.0932372864034856,0.0726234681627195,-0.153443285536282,-0.010306909120383,0.0498990900124132,0.0914360523633035,-0.161092043520371,-0.010306909120383,-0.010306909120383,-0.00333936681192559,-0.0276873209016583,-0.153443285536282,-0.0932372864034856,0.0231206879499728,0.129331697214632,0.0164170821714246,-0.0559775612229576,-0.0932372864034856,0.0362544844170999
"Malagasy",-0.319246636469239,-0.354257812814269,-0.143947894957116,-0.354257812814269,-0.281224742350754,-0.364155119633856,-0.127870627824798,-0.187591146147602,-0.284154506861885,-0.0778823668020592,-0.117487840195218,-0.200793353408337,-0.30394912050106,-0.243743121368264,-0.183537122235468,-0.109017671874412,-0.30394912050106,-0.100606744952366,-0.281224742350754,-0.2140512009095,-0.220851609708508,-0.267342100650363,-0.138088365934855,-0.354257812814269,-0.284154506861885,-0.354257812814269,-0.187591146147602,-0.354257812814269,-0.299635816723275,-0.354257812814269,-0.266689395320532,-0.319246636469239,-0.220851609708508,-0.2140512009095,-0.284889645941088,-0.266689395320532,-0.123331123102672,-0.319246636469239,-0.117487840195218,-0.0631251239698755,-0.216485615361022,-0.364155119633856,-0.156813573475928,-0.243743121368264,-0.123331123102672,-0.30394912050106,-0.284154506861885,-0.0738445890047321,-0.221018743217958,-0.281224742350754,-0.174361118766653,-0.284154506861885,-0.354257812814269,-0.299409234223564,-0.284154506861885,-0.354257812814269,-0.243743121368264,-0.191908664057378,-0.266689395320532,-0.30394912050106,-0.284889645941088,-0.30394912050106,-0.141737510777443,-0.2140512009095,-0.354257812814269,-0.156813573475928,-0.30394912050106,-0.221018743217958,-0.30394912050106,-0.257694452099986,-0.30394912050106,-0.109017671874412,-0.143947894957116,-0.143947894957116,-0.145418173115523,-0.266689395320532,-0.161574913023119,-0.160812744085162,-0.266689395320532,-0.354257812814269,-0.266689395320532,-0.123331123102672,-0.30394912050106,-0.284154506861885,-0.424361118766653,-0.141737510777443,-0.284154506861885,-0.30394912050106,-0.243743121368264,-0.161574913023119,-0.364155119633856,-0.174361118766653,-0.243743121368264,-0.364155119633856,-0.364155119633856,-0.123331123102672,-0.377870627824798,-0.246851993074857,-0.187591146147602,-0.284154506861885
"Manange",-0.046264474456519,0.0238388314958651,0.0502988862577635,-0.046264474456519,-0.0727245292184174,-0.033130677989392,-0.046264474456519,0.0798154774656389,-0.116367780408903,0.0674820826863509,-0.0529680802350673,0.0674820826863509,-0.0727245292184174,0.0634443048890239,-0.0194860723940786,-0.142827835170802,0.0502988862577635,-0.0194860723940786,0.123902642012743,-0.046264474456519,0.194005947965127,0.164045443400633,0.0238388314958651,0.0238388314958651,-0.142827835170802,0.194005947965127,-0.046264474456519,-0.046264474456519,0.0782015477212076,0.0674820826863509,0.0238388314958651,-0.046264474456519,0.137585388638735,-0.046264474456519,0.194005947965127,-0.0026212232660332,-0.046264474456519,-0.0194860723940786,-0.0727245292184174,-0.142827835170802,0.0939421374482493,-0.142827835170802,0.123902642012743,-0.0727245292184174,-0.046264474456519,0.0179955485884113,0.00323830575622763,0.0939421374482493,0.164045443400633,0.0238388314958651,-0.046264474456519,-0.0529680802350673,0.0502988862577635,-0.046264474456519,0.0674820826863509,0.0238388314958651,0.0939421374482493,-0.142827835170802,-0.0727245292184174,-0.0026212232660332,0.0238388314958651,-0.142827835170802,0.0664505550924396,0.0238388314958651,-0.046264474456519,0.0634443048890239,-0.046264474456519,0.0238388314958651,0.194005947965127,0.0238388314958651,0.126656554225236,0.0674820826863509,0.164045443400633,-0.0727245292184174,-0.102416449677181,0.234148749353018,-0.042210450544385,-0.046264474456519,-0.116367780408903,0.104703643211053,-0.0728054824807424,-0.0026212232660332,0.0238388314958651,-0.046264474456519,-0.102416449677181,0.126656554225236,0.0238388314958651,-0.046264474456519,-0.162622448809977,0.0502988862577635,0.120402192210148,0.0634443048890239,0.123902642012743,-0.0727245292184174,0.0407199267387175,-0.116367780408903,0.100925925871514,0.0238388314958651,0.123902642012743,-0.142827835170802
"Old High German",-0.264797747292968,-0.0981310806263015,0.0720360358429608,-0.264797747292968,-0.334901053245352,-0.405004359197736,-0.334901053245352,-0.194694441340584,-0.141455984516245,-0.168234386578686,-0.23833769253107,-0.201661983649041,-0.264797747292968,-0.0981310806263015,-0.224386361799348,-0.168234386578686,-0.264797747292968,-0.264797747292968,-0.284592360932144,0.0720360358429608,-0.224386361799348,-0.168234386578686,-0.23833769253107,-0.168234386578686,-0.174937992357234,-0.405004359197736,-0.201661983649041,-0.168234386578686,-0.103974363533755,-0.168234386578686,-0.23833769253107,-0.264797747292968,-0.0981310806263015,-0.284592360932144,-0.34479836006494,-0.405004359197736,-0.194775394602909,-0.168234386578686,-0.334901053245352,-0.168234386578686,-0.0544878294358156,-0.334901053245352,-0.23833769253107,-0.141455984516245,-0.334901053245352,-0.264797747292968,-0.34479836006494,-0.264797747292968,-0.201661983649041,-0.334901053245352,-0.168234386578686,-0.194694441340584,-0.168234386578686,-0.224386361799348,-0.405004359197736,-0.164180362666552,-0.1245911353882,-0.201661983649041,-0.168234386578686,-0.405004359197736,-0.23833769253107,-0.174937992357234,-0.284592360932144,-0.284592360932144,-0.0981310806263015,-0.34479836006494,-0.334901053245352,-0.334901053245352,-0.0585256072331427,-0.284592360932144,-0.334901053245352,-0.334901053245352,-0.284592360932144,-0.194694441340584,-0.201661983649041,-0.334901053245352,-0.1245911353882,-0.0716710258644031,-0.23833769253107,-0.405004359197736,-0.168234386578686,-0.264797747292968,-0.334901053245352,-0.264797747292968,-0.103974363533755,-0.261867982781838,-0.23833769253107,-0.194694441340584,-0.141455984516245,0.00193272989057669,-0.141455984516245,-0.0981310806263015,-0.141455984516245,-0.334901053245352,-0.0716710258644031,-0.141455984516245,-0.334901053245352,-0.334901053245352,-0.043768364400959,-0.264797747292968
"Oroqen",-0.139941135154778,-0.136832263448185,-0.21233577854916,-0.17703269685051,-0.197038262580981,-0.197038262580981,0.0255307210371362,-0.014989250611689,-0.197038262580981,-0.114107885297879,-0.0539018861650825,-0.177243648941805,-0.0366151328544471,0.12962962962963,-0.107140342989421,-0.0123649238141922,-0.24734695489419,-0.177243648941805,-0.0164202651825925,-0.197038262580981,-0.159778537400453,-0.197038262580981,-0.21233577854916,0.0927495584832216,-0.177243648941805,-0.107140342989421,-0.177243648941805,-0.139941135154778,0.0702878294400495,-0.257244261713777,-0.0370370370370371,-0.174313884430675,-0.0311775080147763,-0.192498376303485,-0.0164202651825925,-0.150783594179907,-0.114107885297879,-0.014989250611689,-0.0873838940060712,-0.317450260846574,-0.107140342989421,-0.150783594179907,-0.192498376303485,-0.136832263448185,-0.113940751788429,-0.0546640551030394,-0.197038262580981,-0.21233577854916,-0.107140342989421,-0.177243648941805,-0.24734695489419,-0.197038262580981,-0.197038262580981,-0.197038262580981,-0.197038262580981,-0.197038262580981,-0.0873838940060712,-0.24734695489419,-0.0311775080147763,-0.160431242730284,-0.24734695489419,-0.107140342989421,-0.177243648941805,-0.257244261713777,-0.177243648941805,-0.0806802882275229,-0.24734695489419,-0.0873838940060712,-0.159778537400453,-0.150783594179907,0.0063041129677136,-0.159778537400453,-0.114107885297879,-0.0123649238141922,-0.0938824954882582,-0.150783594179907,-0.0105769822751388,-0.197038262580981,-0.197038262580981,-0.150783594179907,-0.136832263448185,-0.107140342989421,-0.0348266528573642,-0.159778537400453,-0.177243648941805,0.0922407404542319,-0.0873838940060712,-0.0766262643153888,-0.107140342989421,-0.131488297079154,-0.0781902335355733,-0.136832263448185,-0.0674502608465738,-0.114107885297879,-0.317450260846574,-0.177243648941805,-0.0311775080147763,-0.197038262580981,-0.197038262580981,-0.197038262580981
"Otomi",-0.163539265244399,-0.130078782851836,-0.187861696442133,-0.180537414621881,-0.225489869331156,-0.0624733395692353,-0.0252517790445328,-0.255318145885036,-0.0875564327381713,-0.000390307509801513,-0.127086675266861,-0.147847003291715,-0.134046923680026,-0.162989869331156,-0.0330686001165934,-0.0624733395692353,-0.248742217063572,0.040519639726989,-0.162989869331156,-0.114205374333036,-0.132154741339029,-0.0700088874474462,-0.021273861516514,-0.272783257426388,-0.148333110974345,-0.292577871065564,-0.255970851214866,-0.00279005000136068,-0.134046923680026,0.20481458779597,-0.288264567287778,-0.172165872799971,-0.132154741339029,-0.0388139632010212,0.0919535807751949,-0.0252517790445328,-0.189422103972841,-0.103438215469412,-0.106116590759721,-0.230997204653967,-0.145442324040431,-0.00279005000136068,-0.211220854915402,-0.106271902610588,-0.163086100244978,-0.213694752109852,-0.211220854915402,-0.0325923994992223,-0.189422103972841,0.0503145752688944,-0.35278387019836,-0.35278387019836,-0.232371871932767,-0.130078782851836,-0.209480360273011,-0.132220632189203,-0.255318145885036,-0.269853492915257,-0.134046923680026,-0.187861696442133,-0.0732186139613104,-0.0440892369180809,-0.132154741339029,-0.0630680082611014,-0.0800776376917273,-0.045089181290208,-0.182923502490653,0.0640505257095412,-0.120142382709114,-0.182923502490653,-0.227027905563736,-0.0635048671631466,-0.216588584256962,-0.107904532298775,-0.137839236918081,-0.107904532298775,-0.255318145885036,-0.232371871932767,-0.0074294392956511,-0.110528859096271,-0.0530107063791415,-0.23548074363936,-0.292577871065564,-0.320008887447446,-0.211220854915402,-0.209480360273011,-0.209480360273011,-0.146484987198026,-0.180537414621881,0.040519639726989,-0.148333110974345,-0.0863348755208506,-0.134046923680026,-0.110528859096271,-0.202760904736329,-0.00605278024284295,-0.14662901974261,-0.130366261341947,-0.120142382709114,-0.130366261341947
"Q'eqchi'",-0.134599474829927,-0.134599474829927,-0.262956653742848,-0.146860030977854,-0.164114190427911,-0.0656375979348131,-0.244325755291178,-0.184119756158382,-0.0943027898291465,-0.164114190427911,-0.127022628732178,-0.23442844847159,-0.23442844847159,-0.0417455486804397,-0.184119756158382,-0.13823135169947,-0.184119756158382,-0.0418822193867805,-0.251974513275267,-0.146860030977854,-0.164325142519206,-0.101022245365829,0.0558471703148401,0.102487263692316,-0.121011770283605,-0.0346628117664753,-0.23442844847159,-0.211550772540264,0.00234152414746092,-0.221381553061722,-0.016707587226061,-0.179579869880885,-0.211550772540264,-0.127022628732178,-0.101022245365829,-0.0652413778600494,-0.101189378875279,-0.146860030977854,-0.184119756158382,-0.137865087757307,-0.118569790656554,-0.19941727212656,-0.184119756158382,0.0822633627973302,-0.00265664623120954,-0.19941727212656,-0.13389307121743,-0.0744653875834714,-0.184119756158382,-0.19941727212656,-0.036984209133249,-0.304531754423974,-0.0809639890656585,-0.154446305831292,-0.146860030977854,-0.184119756158382,-0.165060281598409,-0.0381709048354276,-0.101022245365829,-0.0219081464347645,-0.121011770283605,-0.13823135169947,-0.205689291109037,-0.0637077578927892,-0.251974513275267,-0.19941727212656,0.0419469975406197,-0.155139506924914,-0.304531754423974,-0.168020807858739,-0.19941727212656,-0.304531754423974,-0.251974513275267,-0.101022245365829,-0.0966562510183435,-0.23442844847159,-0.101022245365829,-0.0978963433292855,-0.179579869880885,-0.13823135169947,0.00218621229659366,-0.0346262606139368,-0.23442844847159,-0.0236966264318473,0.0358416863801757,-0.244325755291178,0.0989048848617434,-0.244325755291178,-0.120973510773311,-0.304531754423974,-0.0943027898291466,-0.0809639890656585,-0.101189378875279,0.00218621229659366,-0.127022628732178,-0.184119756158382,-0.164114190427911,-0.147512736307684,-0.244325755291178,-0.147512736307684
"Romanian",0.0212207971702371,-0.0574788353597215,0.0671162478206569,-0.134652766595097,-0.178750057564731,-0.106355414170349,-0.0353917853468702,-0.0454478386238545,-0.196004217014788,-0.126192816416024,-0.0728734063293601,0.112789708192973,-0.112854015652536,0.221464110291408,-0.276215781878055,-0.243440799127141,-0.105892759295349,-0.336421781010851,-0.115364726661981,-0.0109883444178666,-0.179402762894561,-0.158912655319056,0.230910326174302,-0.134652766595097,-0.154429116333662,-0.178750057564731,-0.0869711769240947,-0.158912655319056,0.162479427162662,0.0295948856724865,-0.073635575267317,-0.0447888005369828,-0.138182696070525,-0.0971314044469268,-0.0864217810108514,-0.154429116333662,-0.128546277605221,0.237181974744128,-0.0864217810108514,-0.154429116333662,-0.00124093187293484,0.0118712863908425,-0.113217377308481,-0.216009782745259,-0.216009782745259,-0.126192816416024,-0.0869711769240947,-0.118774060229174,0.107744591069029,-0.0996518083918005,-0.211696478967473,-0.103969326301577,-0.0864217810108514,0.0110758427941376,-0.118774060229174,-0.106355414170349,-0.132912271952706,0.207221470179634,-0.0571796304884797,-0.266318475058467,0.0118712863908425,-0.150459817243432,-0.0869711769240947,0.0936154405646192,-0.266318475058467,-0.0200623474114977,-0.132912271952706,-0.073635575267317,-0.111293608121828,-0.0971314044469267,-0.154429116333662,-0.0971314044469267,-0.181645954079979,-0.193285404594953,-0.196950308185286,-0.132912271952706,-0.150459817243432,-0.150459817243432,-0.0864217810108514,-0.196950308185286,-0.106355414170349,0.0513163092757719,0.176268193818861,-0.106355414170349,-0.0555866530187247,0.0295948856724865,-0.216009782745259,-0.082969200772025,-0.00124093187293484,-0.209695490891438,-0.231307298713438,-0.0560085572013147,-0.0200623474114977,-0.0505185869465564,0.0513163092757719,-0.0751642115281318,-0.150459817243432,-0.082969200772025,-0.0295485024394164,0.123710952670154
"Sakha",0.00077776295578047,0.0303887301522191,0.229850766858197,0.0304696834145441,0.0236692746155367,-0.0221685109964879,0.195015419186659,-0.0367038580267095,0.163140747441102,0.155340614695308,0.0235021411060867,0.083708140238883,-0.109736928490224,0.0502261323978943,0.0178446921872661,0.204120138504475,-0.03963362253784,-0.05511493239923,0.0829459713009261,-0.0131735677759416,0.00077776295578047,0.166638517521985,0.170676295319312,0.0526122202666667,0.083708140238883,0.127033044128827,0.0412168199062619,0.111185470325274,0.15625,-0.0135398317181039,0.0877073108481168,0.0303887301522191,0.229850766858197,0.0829459713009261,0.0236692746155367,0.181395760354169,0.144645952717837,0.134197801789972,0.126877732277959,0.00612172932481148,0.083708140238883,0.135503212449633,0.126877732277959,-0.03963362253784,0.0304696834145441,0.0853026315968333,0.155340614695308,-0.0747257521451946,-0.0594282361770159,0.0701597655573917,0.0594197928683922,-0.03963362253784,0.166638517521985,0.0569297381764425,0.0437275309157072,0.0594197928683922,0.0303887301522192,-0.03963362253784,0.251603034321338,0.0609837620885766,0.083708140238883,0.0236692746155367,0.111185470325274,0.241601759486965,0.0502261323978943,-0.03963362253784,0.0236692746155367,0.0502261323978943,0.0235021411060867,0.00077776295578047,-0.0228212163263182,0.0304696834145441,0.0569297381764425,-0.0221685109964879,0.0877073108481168,0.111133707944389,-0.0221685109964879,0.0304696834145441,-0.0367038580267095,0.167657389362381,0.153493098890725,-0.00233110875081244,0.00077776295578047,-0.0403687616170434,0.106432518389189,0.083708140238883,0.0303887301522191,-0.0221685109964879,0.0304696834145441,0.00612172932481148,0.267239656033595,0.0437275309157072,0.227178783673682,0.204120138504475,0.247047726331181,0.0828093005945852,0.0569297381764425,-0.0221685109964879,0.0236692746155367,-0.00233110875081244
"Seychelles Creole",0.094136316585229,-0.0365040049280262,0.0319904626936458,0.0248696417875121,-0.124119363255103,0.0654884355617849,0.188655334701519,0.00115533470151907,0.0300982803526489,-0.0668520006212915,-0.0682266679000921,0.119056022742467,-0.00958463798748044,-0.071335539606685,0.00105910378769702,-0.0682266679000921,0.00314215512368077,0.158174352817809,0.0844886680348524,-0.0911729418523605,-0.155863683414771,0.0536163449364039,-0.071335539606685,0.106700451922823,0.0756415218619648,-0.0653246811581121,0.135115707648603,0.0981471915967335,0.131076603916082,-0.00958463798748044,0.0162982007409607,0.0300982803526489,-0.159639737327238,-0.0125650156474884,0.00460791494034551,-0.00955428873455633,-0.0682266679000921,-0.0918256471821908,-0.0682266679000921,0.0578733014220868,-0.0911729418523605,-0.108638053393713,0.0442004519228233,-0.143730183001067,0.0162982007409607,-0.0120746926794301,0.0664987815937603,-0.0252768999401654,0.0247455691441275,-0.108638053393713,-0.032913447207825,-0.0453351562403359,-0.248844665298481,-0.071335539606685,-0.123892780755392,-0.0925946652984809,-0.109373192472916,0.00115533470151918,0.0636553347015191,-0.109373192472916,0.0300982803526489,0.0786256619511391,-0.143730183001067,-0.071335539606685,-0.071335539606685,-0.0187782984579783,0.0536163449364039,0.000605938788275751,-0.0918256471821908,-0.128432667032888,-0.155863683414771,-0.0524433802242871,0,0.0675147683008728,-0.0455022897497859,-0.00955428873455622,-0.0252768999401654,0.042129277088516,-0.0918256471821908,-0.00772158820823499,0.0499398296996392,0.0142192274348668,-0.016392210589206,-0.112333718733246,-0.0311969445168034,-0.00958463798748044,-0.00550612270315132,-0.0252768999401654,0.00293079212450531,-0.0845970130308973,-0.115592224231916,-0.0187782984579783,0.0796506392366865,0.0158120930583304,0.0263059671145942,-0.108427101302418,0.0175161842900655,-0.128432667032888,-0.071335539606685,0.137950451922823
"Swahili",-0.206300203430016,-0.30181942325508,-0.185461448901621,-0.241613424122283,-0.21192150366352,-0.297279536977583,-0.317116939223259,-0.21192150366352,-0.119770411285787,-0.282759948695107,-0.0645888433395838,-0.157574663163861,-0.236269457753252,-0.255564754854006,-0.282024809615904,-0.218721912462527,-0.362025422387876,-0.181407424989487,-0.264559698074552,-0.181407424989487,-0.141818197711136,-0.214355918115042,-0.206300203430016,0.0476655789129296,-0.352128115568288,-0.352128115568288,-0.0845391621871378,-0.362025422387876,-0.21192150366352,-0.218721912462527,-0.218721912462527,-0.241613424122283,-0.362025422387876,-0.352128115568288,-0.282024809615904,-0.218889045971977,-0.181407424989487,-0.181407424989487,-0.30181942325508,-0.297279536977583,-0.317116939223259,-0.317116939223259,-0.30181942325508,-0.362025422387876,-0.362025422387876,-0.241613424122283,-0.264559698074552,-0.352128115568288,-0.279095045104773,-0.352128115568288,-0.181407424989487,-0.264559698074552,-0.352128115568288,-0.0382710485735885,-0.218889045971977,-0.352128115568288,-0.282024809615904,-0.317116939223259,-0.185461448901621,-0.352128115568288,-0.362025422387876,-0.241613424122283,-0.0152124034043822,-0.352128115568288,-0.30181942325508,-0.282024809615904,-0.244722295828876,-0.264559698074552,-0.135958668688875,-0.282024809615904,-0.0967979849276874,-0.218889045971977,-0.352128115568288,-0.0918625727504598,-0.295505131401259,-0.185461448901621,-0.242391187078064,-0.236269457753252,-0.19216505468017,-0.105871987921319,-0.181407424989487,-0.241613424122283,-0.264559698074552,-0.172327652434494,-0.265212403404382,-0.30181942325508,-0.21192150366352,-0.218889045971977,-0.30181942325508,-0.241613424122283,0.0405963711486439,-0.282024809615904,-0.352128115568288,-0.282024809615904,-0.282024809615904,-0.282024809615904,-0.172327652434494,-0.282759948695107,-0.185461448901621,-0.352128115568288
"Takia",-0.11070123503058,-0.117668777339038,-0.321011152887733,-0.0199811572237517,-0.215896670590319,-0.11070123503058,-0.180804540982965,-0.0842411802686821,-0.140393155489344,-0.0574627782062417,-0.250907846935349,-0.200599154622141,-0.180804540982965,-0.163339429441613,-0.321011152887733,-0.0801871563565481,-0.00566770599549171,-0.11070123503058,-0.143502027195937,-0.11070123503058,-0.0842411802686821,-0.250907846935349,-0.0347384000559354,-0.180804540982965,-0.154344486221066,-0.180804540982965,-0.180804540982965,-0.180804540982965,-0.180804540982965,-0.180804540982965,-0.0574627782062417,-0.196059268344644,0.0295053768741879,-0.250907846935349,-0.321011152887733,-0.250907846935349,-0.250907846935349,-0.200599154622141,-0.260805153754937,-0.014137874316298,-0.250907846935349,-0.0199811572237517,0.0824254863979845,-0.180804540982965,-0.250907846935349,-0.110782188292906,-0.0405979290781963,-0.117668777339038,0.00274322092655443,-0.117668777339038,-0.250907846935349,-0.0842411802686821,-0.250907846935349,-0.180804540982965,-0.200599154622141,-0.0801871563565479,-0.260805153754937,-0.0842411802686821,-0.0842411802686821,-0.0842411802686821,-0.0842411802686821,-0.0842411802686821,-0.11070123503058,-0.117668777339038,-0.117668777339038,-0.200599154622141,-0.140393155489344,-0.180804540982965,-0.140393155489344,-0.250907846935349,0.0254675990768608,-0.200599154622141,-0.180804540982965,-0.180804540982965,-0.180804540982965,0.0402248419090445,-0.117668777339038,-0.0199811572237517,-0.014137874316298,-0.177874776471834,-0.321011152887733,-0.321011152887733,-0.250907846935349,0.0886798484130727,-0.177874776471834,-0.250907846935349,-0.260805153754937,-0.0405979290781963,-0.180804540982965,-0.200599154622141,-0.140393155489344,-0.200599154622141,-0.140393155489344,-0.0842411802686821,-0.140393155489344,-0.180804540982965,-0.180804540982965,-0.215896670590319,-0.260805153754937,-0.250907846935349
"Tarifiyt Berber",-0.0716996798548489,-0.0627116791419963,-0.277616588560546,-0.25712648098504,-0.0717856821356273,-0.0769930284957476,-0.37442960754404,-0.0561799330570552,-0.00774764590304722,0.00953076540304387,-0.171849400933302,-0.0944571575637053,-0.0854377927633848,-0.179309482202965,-0.0706502773224572,-0.0994547575389195,-0.267968940010169,-0.211067841318521,-0.294428994772068,-0.263996923470292,-0.276963883230716,-0.294428994772068,-0.184635606676836,-0.314223608411244,-0.204569239836333,-0.118276173077482,0.0579857719070721,-0.171849400933302,-0.276963883230716,-0.204569239836333,-0.0881568547122423,-0.37442960754404,-0.119292159784595,-0.309683722133747,-0.164730112866799,-0.0686189399934982,-0.119292159784595,-0.171087231995345,-0.204569239836333,-0.329521124379422,-0.202183151967561,-0.167088061386111,-0.119292159784595,-0.37442960754404,-0.167088061386111,-0.119292159784595,-0.202183151967561,-0.155393456154464,-0.171087231995345,-0.25712648098504,-0.231293231128141,-0.101302273343503,-0.148362853845039,-0.231293231128141,-0.277616588560546,-0.25712648098504,-0.231293231128141,-0.291499230260937,-0.0733947398211525,-0.129550269644454,-0.294428994772068,-0.0881568547122423,-0.25712648098504,-0.197865634057785,0.0254971270041694,-0.169492740637395,-0.00774764590304722,0.0211952997480825,-0.204569239836333,-0.231126097618691,-0.0717856821356273,-0.248673642909416,-0.25712648098504,-0.248673642909416,-0.152011998687626,-0.314223608411244,0.0686584642757375,-0.118276173077482,-0.209507433787813,-0.129550269644454,-0.204569239836333,-0.314223608411244,-0.0969433473433016,-0.171087231995345,-0.231126097618691,-0.0851898570424567,-0.204569239836333,-0.224406642082009,-0.0468975163902128,-0.364532300724452,-0.251115622536467,-0.148362853845039,-0.224406642082009,-0.138108216732024,-0.254017609278447,-0.171849400933302,-0.0994547575389195,0.213350603358008,-0.171087231995345,-0.231293231128141
"Vietnamese",-0.0772339657464085,-0.0336716678182478,0.0629726461583597,-0.00713065979402439,0.16579036888773,0.102578119551519,-0.0772339657464085,-0.0632826350146865,-0.103694020508307,-0.173797326460691,0.019647742268416,0.057129363250906,-0.103694020508307,-0.173797326460691,-0.173797326460691,-0.0405582568643802,0.0423721204187223,-0.0335907145559228,0.019647742268416,-0.0336716678182477,-0.0579386686456554,-0.0663915067212794,-0.103694020508307,-0.0772339657464085,0.0990803494706347,-0.0335907145559228,0.057129363250906,0.0629726461583597,-0.103694020508307,-0.0632826350146865,-0.00713065979402439,-0.0405582568643802,-0.00307663588189033,-0.0335907145559228,0.102578119551519,0.0629726461583597,-0.103694020508307,-0.123488634147483,-0.0335907145559228,-0.0405582568643802,0.0365125913964615,0.0365125913964615,-0.123488634147483,-0.103694020508307,-0.0405582568643802,-0.0335907145559228,-0.243900632413075,0.0629726461583597,-0.183694633280279,-0.173797326460691,-0.103694020508307,-0.0772339657464085,-0.123488634147483,-0.00713065979402439,-0.00713065979402439,0.0585603778218096,-0.0405582568643802,0.019647742268416,-0.123488634147483,-0.173797326460691,-0.00713065979402439,-0.173797326460691,-0.0772339657464085,-0.0772339657464085,-0.0772339657464085,-0.173797326460691,-0.123488634147483,-0.00713065979402439,-0.0632826350146865,-0.123488634147483,-0.103694020508307,0.019647742268416,0.019647742268416,0.0387229755761344,-0.00713065979402439,-0.0632826350146865,-0.103694020508307,-0.0405582568643802,-0.0663915067212794,-0.183694633280279,-0.243900632413075,-0.123488634147483,0.0365125913964615,-0.103694020508307,-0.0335907145559228,-0.173797326460691,-0.00713065979402439,-0.00713065979402439,-0.183694633280279,-0.0405582568643802,0.057129363250906,-0.0405582568643802,-0.00713065979402439,-0.0405582568643802,-0.00713065979402439,0.0060031366731027,0.0365125913964615,-0.173797326460691,0.233139762627622,-0.173797326460691
"Yaqui",-0.116981786732492,-0.260118163148391,-0.213863494747317,-0.198537496736794,-0.116981786732492,-0.240323549509215,-0.199912164015595,-0.100116937604447,-0.116981786732492,-0.177187785865288,-0.310426855461599,-0.260118163148391,-0.170220243556831,-0.116981786732492,-0.27541567911657,-0.260118163148391,-0.170220243556831,-0.203021035722188,-0.222858437967863,-0.0795001657500022,-0.150463794573481,-0.223511143297693,-0.112982616123258,-0.260118163148391,-0.260118163148391,0.00720792887263988,-0.240323549509215,-0.199912164015595,0.00720792887263988,0.0034302115331003,-0.241058688588419,-0.116981786732492,-0.240323549509215,-0.150463794573481,-0.310426855461599,-0.310426855461599,-0.222858437967863,-0.240323549509215,-0.310426855461599,-0.199912164015595,-0.0340514094493897,-0.203021035722188,-0.237393784998085,-0.240323549509215,-0.213863494747317,-0.199912164015595,-0.199912164015595,-0.170220243556831,-0.0664921251814032,-0.0780691511790986,-0.310426855461599,-0.310426855461599,-0.255578276870894,0.0893668390196184,-0.0300136316520626,-0.0340514094493897,-0.213863494747317,-0.240323549509215,-0.240323549509215,-0.100116937604447,-0.143760188794933,-0.240323549509215,-0.199912164015595,-0.237393784998085,-0.240323549509215,-0.199912164015595,-0.056775787599696,-0.0942574085821859,-0.213863494747317,-0.380530161413983,-0.240323549509215,-0.240323549509215,-0.199912164015595,-0.260118163148391,-0.0651867145217422,-0.213863494747317,-0.019294166617206,-0.056775787599696,-0.116981786732492,-0.310426855461599,-0.199912164015595,-0.177187785865288,-0.0651867145217422,-0.240323549509215,-0.0795001657500022,-0.27541567911657,-0.0795001657500022,-0.182845234784109,0.0291608398868223,-0.100116937604447,-0.222858437967863,-0.310426855461599,-0.240323549509215,-0.222858437967863,-0.0651867145217422,0.0288102540690802,-0.159473107065113,-0.310426855461599,-0.117743955670449,-0.237393784998085
"Zinacantn Tzotzil",-0.18596196376742,0.0277750210694379,-0.0289429456511299,-0.138736333746362,-0.0162934106139363,-0.0138000796116883,-0.0488765788106272,0.00189218234099686,0.0543903876822035,-0.0142861872943185,0.0562379034867867,-0.0756005701024348,-0.138736333746362,-0.0969502809739404,-0.27894294565113,-0.208839639698746,-0.0756005701024348,0.108795144635493,-0.158530947385537,-0.138736333746362,-0.218736946518333,-0.0983249482527411,-0.112642542926625,-0.139471472825565,-0.158530947385537,0.00189218234099686,-0.121271222205009,-0.121271222205009,0.127994143437183,-0.112642542926625,0,-0.153991061108041,-0.158530947385537,-0.139471472825565,-0.138736333746362,-0.042172973032079,-0.158530947385537,-0.208839639698746,0.0350950905814503,-0.138525381655067,-0.226385704502423,-0.158530947385537,-0.114695293383546,-0.139471472825565,-0.0983249482527411,-0.0142861872943185,-0.0483978284298258,-0.0553751802928143,-0.135806569235231,-0.0983249482527411,-0.173828463353716,-0.18596196376742,-0.0754334365929848,-0.0983249482527411,0.105017427295954,-0.173828463353716,-0.0153945709696386,-0.0161567399075955,-0.27894294565113,-0.158530947385537,-0.158530947385537,-0.0686330277939774,-0.138736333746362,-0.158530947385537,0.0640380362325801,-0.158530947385537,-0.173828463353716,-0.138736333746362,-0.0983249482527411,-0.0686330277939774,-0.154217643607752,-0.138736333746362,-0.0153945709696386,0.0120827591167528,-0.0983249482527411,-0.208839639698746,-0.0756005701024348,-0.27894294565113,-0.158530947385537,-0.0290391765649519,-0.0488765788106272,-0.042172973032079,-0.0983249482527411,-0.101433819959334,-0.038118949119945,-0.218736946518333,-0.12192392753484,-0.135806569235231,-0.0983249482527411,-0.218736946518333,-0.218736946518333,0.0640380362325801,-0.0756005701024348,-0.0488765788106272,-0.112276278984463,-0.138736333746362,0.00147027815840683,-0.138736333746362,-0.0290391765649519,-0.158530947385537
